nounsAllCount,nounsAllIndex
"('고객', 90112)","('고객', 1)"
"('확인', 51350)","('확인', 2)"
"('지금', 38356)","('지금', 3)"
"('저희', 31855)","('저희', 4)"
"('취소', 29514)","('취소', 5)"
"('번호', 28464)","('번호', 6)"
"('여권', 23921)","('여권', 7)"
"('말씀', 22918)","('말씀', 8)"
"('주문', 21634)","('주문', 9)"
"('이제', 19419)","('이제', 10)"
"('상품', 19077)","('상품', 11)"
"('출국', 18872)","('출국', 12)"
"('혹시', 17410)","('혹시', 13)"
"('변경', 16173)","('변경', 14)"
"('잠시', 16156)","('잠시', 15)"
"('구매', 15926)","('구매', 16)"
"('아이디', 15853)","('아이디', 17)"
"('한번', 13346)","('한번', 18)"
"('정보', 13267)","('정보', 19)"
"('드릴', 12655)","('드릴', 20)"
"('등록', 11916)","('등록', 21)"
"('시간', 11805)","('시간', 22)"
"('결제', 11551)","('결제', 23)"
"('포인트', 11492)","('포인트', 24)"
"('다시', 11398)","('다시', 25)"
"('회원', 11176)","('회원', 26)"
"('때문', 10906)","('때문', 27)"
"('본인', 10825)","('본인', 28)"
"('카드', 10773)","('카드', 29)"
"('그거', 10736)","('그거', 30)"
"('하루', 10486)","('하루', 31)"
"('사용', 10174)","('사용', 32)"
"('가지', 10111)","('가지', 33)"
"('인도', 10038)","('인도', 34)"
"('전화', 9446)","('전화', 35)"
"('경우', 9364)","('경우', 36)"
"('매장', 9353)","('매장', 37)"
"('하나', 8464)","('하나', 38)"
"('부분', 7800)","('부분', 39)"
"('성함', 7579)","('성함', 40)"
"('무엇', 7415)","('무엇', 41)"
"('바로', 7255)","('바로', 42)"
"('진행', 6805)","('진행', 43)"
"('안내', 6664)","('안내', 44)"
"('그게', 6642)","('그게', 45)"
"('문의', 6602)","('문의', 46)"
"('거기', 6584)","('거기', 47)"
"('아예', 6553)","('아예', 48)"
"('쿠폰', 6544)","('쿠폰', 49)"
"('일단', 6522)","('일단', 50)"
"('그냥', 6426)","('그냥', 51)"
"('적립금', 6418)","('적립금', 52)"
"('오늘', 6310)","('오늘', 53)"
"('이용', 6280)","('이용', 54)"
"('금액', 6274)","('금액', 55)"
"('로그인', 6116)","('로그인', 56)"
"('교환', 5969)","('교환', 57)"
"('다른', 5798)","('다른', 58)"
"('제품', 5736)","('제품', 59)"
"('공항', 5615)","('공항', 60)"
"('문건', 5589)","('문건', 61)"
"('연락', 5537)","('연락', 62)"
"('건가', 5519)","('건가', 63)"
"('만약', 5404)","('만약', 64)"
"('십이월', 5402)","('십이월', 65)"
"('부탁', 5353)","('부탁', 66)"
"('입력', 5287)","('입력', 67)"
"('다음', 5092)","('다음', 68)"
"('문자', 5009)","('문자', 69)"
"('생년', 4892)","('생년', 70)"
"('주시', 4842)","('주시', 71)"
"('조회', 4825)","('조회', 72)"
"('오프라인', 4756)","('오프라인', 73)"
"('일정', 4710)","('일정', 74)"
"('완료', 4694)","('완료', 75)"
"('브랜드', 4657)","('브랜드', 76)"
"('가요', 4656)","('가요', 77)"
"('우선', 4607)","('우선', 78)"
"('월일', 4563)","('월일', 79)"
"('물건', 4555)","('물건', 80)"
"('정도', 4528)","('정도', 81)"
"('러시', 4498)","('러시', 82)"
"('명동', 4332)","('명동', 83)"
"('여기', 4239)","('여기', 84)"
"('가입', 4205)","('가입', 85)"
"('내일', 4199)","('내일', 86)"
"('거세', 4184)","('거세', 87)"
"('저기', 4158)","('저기', 88)"
"('이세', 3960)","('이세', 89)"
"('날짜', 3940)","('날짜', 90)"
"('먼저', 3858)","('먼저', 91)"
"('할인', 3854)","('할인', 92)"
"('수가', 3854)","('수가', 93)"
"('등급', 3808)","('등급', 94)"
"('통합', 3799)","('통합', 95)"
"('선불카드', 3776)","('선불카드', 96)"
"('처리', 3642)","('처리', 97)"
"('주신', 3579)","('주신', 98)"
"('현재', 3558)","('현재', 99)"
"('센터', 3546)","('센터', 100)"
"('온라인', 3535)","('온라인', 101)"
"('도장', 3472)","('도장', 102)"
"('거구', 3437)","('거구', 103)"
"('기간', 3407)","('기간', 104)"
"('인천공항', 3393)","('인천공항', 105)"
"('이요', 3382)","('이요', 106)"
"('접수', 3347)","('접수', 107)"
"('상태', 3324)","('상태', 108)"
"('해당', 3323)","('해당', 109)"
"('월드', 3319)","('월드', 110)"
"('어디', 3306)","('어디', 111)"
"('본점', 3175)","('본점', 112)"
"('브이', 3175)","('브이', 113)"
"('아아', 3160)","('아아', 114)"
"('면세', 3129)","('면세', 115)"
"('요청', 3105)","('요청', 116)"
"('오전', 2932)","('오전', 117)"
"('도착', 2928)","('도착', 118)"
"('이상', 2896)","('이상', 119)"
"('지점', 2836)","('지점', 120)"
"('에스', 2802)","('에스', 121)"
"('내용', 2798)","('내용', 122)"
"('신청', 2788)","('신청', 123)"
"('휴대폰', 2753)","('휴대폰', 124)"
"('타워', 2725)","('타워', 125)"
"('인천', 2709)","('인천', 126)"
"('조금', 2708)","('조금', 127)"
"('아이피', 2668)","('아이피', 128)"
"('환불', 2648)","('환불', 129)"
"('복원', 2614)","('복원', 130)"
"('비밀번호', 2612)","('비밀번호', 131)"
"('보시', 2562)","('보시', 132)"
"('언제', 2482)","('언제', 133)"
"('부산', 2466)","('부산', 134)"
"('대해', 2465)","('대해', 135)"
"('출발', 2401)","('출발', 136)"
"('이십', 2397)","('이십', 137)"
"('아마', 2380)","('아마', 138)"
"('적용', 2380)","('적용', 139)"
"('계속', 2368)","('계속', 140)"
"('유효', 2333)","('유효', 141)"
"('감사', 2310)","('감사', 142)"
"('수도', 2307)","('수도', 143)"
"('이벤트', 2293)","('이벤트', 144)"
"('소요', 2269)","('소요', 145)"
"('아이', 2243)","('아이', 146)"
"('직접', 2243)","('직접', 147)"
"('김해', 2239)","('김해', 148)"
"('개인정보', 2237)","('개인정보', 149)"
"('가능', 2226)","('가능', 150)"
"('이동', 2216)","('이동', 151)"
"('터미널', 2211)","('터미널', 152)"
"('세관', 2209)","('세관', 153)"
"('혜택', 2170)","('혜택', 154)"
"('핸드폰', 2156)","('핸드폰', 155)"
"('재고', 2141)","('재고', 156)"
"('비행기', 2133)","('비행기', 157)"
"('발송', 2123)","('발송', 158)"
"('아홉', 2104)","('아홉', 159)"
"('일이', 2102)","('일이', 160)"
"('기준', 2100)","('기준', 161)"
"('에이', 2084)","('에이', 162)"
"('그때', 2082)","('그때', 163)"
"('이름', 2082)","('이름', 164)"
"('보고', 2075)","('보고', 165)"
"('방문', 2051)","('방문', 166)"
"('승인', 2032)","('승인', 167)"
"('입점', 2030)","('입점', 168)"
"('반품', 2030)","('반품', 169)"
"('일월', 2014)","('일월', 170)"
"('상담', 2011)","('상담', 171)"
"('잠깐', 2004)","('잠깐', 172)"
"('오후', 1997)","('오후', 173)"
"('여덟', 1994)","('여덟', 174)"
"('방법', 1989)","('방법', 175)"
"('이구', 1977)","('이구', 176)"
"('증정', 1973)","('증정', 177)"
"('시구', 1971)","('시구', 178)"
"('공이', 1963)","('공이', 179)"
"('코엑스', 1962)","('코엑스', 180)"
"('케이', 1952)","('케이', 181)"
"('티켓', 1932)","('티켓', 182)"
"('선택', 1907)","('선택', 183)"
"('어제', 1855)","('어제', 184)"
"('마이', 1840)","('마이', 185)"
"('신고', 1839)","('신고', 186)"
"('연결', 1830)","('연결', 187)"
"('원래', 1828)","('원래', 188)"
"('문제', 1819)","('문제', 189)"
"('수령', 1815)","('수령', 190)"
"('항공', 1721)","('항공', 191)"
"('예정', 1719)","('예정', 192)"
"('상관', 1711)","('상관', 193)"
"('전체', 1665)","('전체', 194)"
"('구입', 1663)","('구입', 195)"
"('화장품', 1660)","('화장품', 196)"
"('시점', 1622)","('시점', 197)"
"('위해', 1613)","('위해', 198)"
"('이번', 1610)","('이번', 199)"
"('그대로', 1609)","('그대로', 200)"
"('해주시', 1606)","('해주시', 201)"
"('이천', 1600)","('이천', 202)"
"('모바일', 1590)","('모바일', 203)"
"('전화번호', 1584)","('전화번호', 204)"
"('주소', 1583)","('주소', 205)"
"('여행', 1534)","('여행', 206)"
"('통화', 1529)","('통화', 207)"
"('메일', 1527)","('메일', 208)"
"('에이치', 1507)","('에이치', 209)"
"('페이지', 1503)","('페이지', 210)"
"('인증', 1492)","('인증', 211)"
"('제이', 1482)","('제이', 212)"
"('행사', 1472)","('행사', 213)"
"('프로', 1464)","('프로', 214)"
"('저녁', 1445)","('저녁', 215)"
"('항공사', 1443)","('항공사', 216)"
"('삼십분', 1425)","('삼십분', 217)"
"('자체', 1407)","('자체', 218)"
"('잘못', 1403)","('잘못', 219)"
"('홈페이지', 1390)","('홈페이지', 220)"
"('수고', 1379)","('수고', 221)"
"('플러스', 1379)","('플러스', 222)"
"('계정', 1378)","('계정', 223)"
"('이메일', 1375)","('이메일', 224)"
"('얘기', 1364)","('얘기', 225)"
"('골드', 1335)","('골드', 226)"
"('얼마', 1331)","('얼마', 227)"
"('추가', 1325)","('추가', 228)"
"('코드', 1322)","('코드', 229)"
"('숫자', 1317)","('숫자', 230)"
"('그것', 1317)","('그것', 231)"
"('체크', 1309)","('체크', 232)"
"('사이트', 1304)","('사이트', 233)"
"('찾기', 1287)","('찾기', 234)"
"('가방', 1280)","('가방', 235)"
"('달라', 1269)","('달라', 236)"
"('자리', 1267)","('자리', 237)"
"('십일월', 1262)","('십일월', 238)"
"('당일', 1260)","('당일', 239)"
"('피씨', 1260)","('피씨', 240)"
"('시작', 1257)","('시작', 241)"
"('이후', 1243)","('이후', 242)"
"('동의', 1237)","('동의', 243)"
"('검색', 1226)","('검색', 244)"
"('보통', 1213)","('보통', 245)"
"('수신', 1207)","('수신', 246)"
"('발급', 1193)","('발급', 247)"
"('사진', 1176)","('사진', 248)"
"('두건', 1164)","('두건', 249)"
"('삭제', 1160)","('삭제', 250)"
"('이기', 1152)","('이기', 251)"
"('제외', 1151)","('제외', 252)"
"('삼십', 1150)","('삼십', 253)"
"('제트', 1143)","('제트', 254)"
"('처음', 1140)","('처음', 255)"
"('여러', 1126)","('여러', 256)"
"('남아', 1103)","('남아', 257)"
"('따라서', 1094)","('따라서', 258)"
"('클릭', 1094)","('클릭', 259)"
"('카카오', 1089)","('카카오', 260)"
"('판매', 1088)","('판매', 261)"
"('나머지', 1079)","('나머지', 262)"
"('장바구니', 1075)","('장바구니', 263)"
"('아침', 1064)","('아침', 264)"
"('백화점', 1062)","('백화점', 265)"
"('해외', 1050)","('해외', 266)"
"('직원', 1044)","('직원', 267)"
"('수정', 1042)","('수정', 268)"
"('일반', 1041)","('일반', 269)"
"('복구', 1039)","('복구', 270)"
"('정상', 1030)","('정상', 271)"
"('페이', 1024)","('페이', 272)"
"('미리', 1024)","('미리', 273)"
"('반입', 1023)","('반입', 274)"
"('운영', 1022)","('운영', 275)"
"('데스크', 1018)","('데스크', 276)"
"('다운', 1006)","('다운', 277)"
"('기본', 1005)","('기본', 278)"
"('자동', 996)","('자동', 279)"
"('경유', 987)","('경유', 280)"
"('탈퇴', 987)","('탈퇴', 281)"
"('서울', 982)","('서울', 282)"
"('일곱', 975)","('일곱', 283)"
"('관련', 973)","('관련', 284)"
"('오일', 970)","('오일', 285)"
"('품절', 967)","('품절', 286)"
"('물어', 962)","('물어', 287)"
"('메모', 956)","('메모', 288)"
"('사항', 956)","('사항', 289)"
"('건데', 950)","('건데', 290)"
"('영업일', 946)","('영업일', 291)"
"('왜냐면', 940)","('왜냐면', 292)"
"('모두', 927)","('모두', 293)"
"('삼이', 922)","('삼이', 294)"
"('한도', 920)","('한도', 295)"
"('시오', 918)","('시오', 296)"
"('최대', 917)","('최대', 297)"
"('열시', 914)","('열시', 298)"
"('삼일', 907)","('삼일', 299)"
"('해도', 901)","('해도', 300)"
"('십분', 900)","('십분', 301)"
"('달러', 892)","('달러', 302)"
"('담배', 883)","('담배', 303)"
"('중복', 880)","('중복', 304)"
"('사이즈', 875)","('사이즈', 305)"
"('수단', 861)","('수단', 306)"
"('오구', 861)","('오구', 307)"
"('사은', 851)","('사은', 308)"
"('일자', 850)","('일자', 309)"
"('예전', 850)","('예전', 310)"
"('여부', 849)","('여부', 311)"
"('어플', 848)","('어플', 312)"
"('육십', 846)","('육십', 313)"
"('주류', 845)","('주류', 314)"
"('한국', 844)","('한국', 315)"
"('나중', 838)","('나중', 316)"
"('무슨', 834)","('무슨', 317)"
"('개별', 834)","('개별', 318)"
"('전용', 832)","('전용', 319)"
"('시기', 830)","('시기', 320)"
"('국적', 824)","('국적', 321)"
"('연락처', 824)","('연락처', 322)"
"('고요', 822)","('고요', 323)"
"('휴면', 821)","('휴면', 324)"
"('물류', 811)","('물류', 325)"
"('전산', 804)","('전산', 326)"
"('십일', 803)","('십일', 327)"
"('주차', 803)","('주차', 328)"
"('제주', 798)","('제주', 329)"
"('며칠', 794)","('며칠', 330)"
"('사람', 791)","('사람', 331)"
"('적립', 791)","('적립', 332)"
"('열한', 787)","('열한', 333)"
"('오류', 786)","('오류', 334)"
"('삼백', 784)","('삼백', 335)"
"('잠실', 783)","('잠실', 336)"
"('더블유', 778)","('더블유', 337)"
"('멤버십', 778)","('멤버십', 338)"
"('식품', 772)","('식품', 339)"
"('육백', 771)","('육백', 340)"
"('일주일', 769)","('일주일', 341)"
"('영문', 767)","('영문', 342)"
"('일일', 761)","('일일', 343)"
"('이면', 759)","('이면', 344)"
"('최종', 758)","('최종', 345)"
"('러신', 757)","('러신', 346)"
"('플래티늄', 750)","('플래티늄', 347)"
"('기존', 745)","('기존', 348)"
"('전달', 745)","('전달', 349)"
"('가격', 742)","('가격', 350)"
"('화면', 742)","('화면', 351)"
"('방금', 738)","('방금', 352)"
"('오십분', 732)","('오십분', 353)"
"('도움', 728)","('도움', 354)"
"('아웃', 726)","('아웃', 355)"
"('알림', 726)","('알림', 356)"
"('라면', 720)","('라면', 357)"
"('칠이', 720)","('칠이', 358)"
"('공구', 719)","('공구', 359)"
"('별로', 719)","('별로', 360)"
"('상품권', 719)","('상품권', 361)"
"('공공', 719)","('공공', 362)"
"('상황', 717)","('상황', 363)"
"('이백', 716)","('이백', 364)"
"('팔일', 713)","('팔일', 365)"
"('일로', 706)","('일로', 366)"
"('제휴', 704)","('제휴', 367)"
"('전날', 703)","('전날', 368)"
"('한해', 701)","('한해', 369)"
"('주점', 697)","('주점', 370)"
"('박효진', 688)","('박효진', 371)"
"('준비', 680)","('준비', 372)"
"('국제', 680)","('국제', 373)"
"('육이', 678)","('육이', 374)"
"('계좌', 675)","('계좌', 375)"
"('이주', 674)","('이주', 376)"
"('대한', 670)","('대한', 377)"
"('이건', 668)","('이건', 378)"
"('팔이', 666)","('팔이', 379)"
"('여덟시', 665)","('여덟시', 380)"
"('하나요', 663)","('하나요', 381)"
"('물품', 660)","('물품', 382)"
"('포함', 652)","('포함', 383)"
"('어쨌든', 652)","('어쨌든', 384)"
"('박연', 651)","('박연', 385)"
"('통해', 650)","('통해', 386)"
"('제일', 650)","('제일', 387)"
"('게이트', 648)","('게이트', 388)"
"('출고', 638)","('출고', 389)"
"('중국', 637)","('중국', 390)"
"('제한', 634)","('제한', 391)"
"('생각', 634)","('생각', 392)"
"('상세', 633)","('상세', 393)"
"('여섯', 632)","('여섯', 394)"
"('요게', 629)","('요게', 395)"
"('거나', 629)","('거나', 396)"
"('모든', 629)","('모든', 397)"
"('편이', 627)","('편이', 398)"
"('두시', 626)","('두시', 399)"
"('실버', 626)","('실버', 400)"
"('입국', 625)","('입국', 401)"
"('포장', 621)","('포장', 402)"
"('인제', 615)","('인제', 403)"
"('새벽', 613)","('새벽', 404)"
"('공일', 613)","('공일', 405)"
"('로그', 609)","('로그', 406)"
"('답변', 609)","('답변', 407)"
"('기억', 609)","('기억', 408)"
"('설정', 606)","('설정', 409)"
"('십오', 605)","('십오', 410)"
"('일부', 602)","('일부', 411)"
"('오공', 599)","('오공', 412)"
"('여섯시', 593)","('여섯시', 413)"
"('중이', 592)","('중이', 414)"
"('쇼핑', 592)","('쇼핑', 415)"
"('공사', 592)","('공사', 416)"
"('황소', 592)","('황소', 417)"
"('사이', 585)","('사이', 418)"
"('오백', 583)","('오백', 419)"
"('버튼', 583)","('버튼', 420)"
"('전부', 582)","('전부', 421)"
"('일육팔팔', 575)","('일육팔팔', 422)"
"('칠일', 575)","('칠일', 423)"
"('구구', 574)","('구구', 424)"
"('배우자', 572)","('배우자', 425)"
"('신용카드', 570)","('신용카드', 426)"
"('육일', 567)","('육일', 427)"
"('이은정', 566)","('이은정', 428)"
"('탑승', 563)","('탑승', 429)"
"('실제', 556)","('실제', 430)"
"('시계', 555)","('시계', 431)"
"('시내', 554)","('시내', 432)"
"('실적', 548)","('실적', 433)"
"('전혀', 539)","('전혀', 434)"
"('시도', 539)","('시도', 435)"
"('오현정', 537)","('오현정', 436)"
"('김하나', 537)","('김하나', 437)"
"('엑스', 536)","('엑스', 438)"
"('이십일', 536)","('이십일', 439)"
"('사십분', 536)","('사십분', 440)"
"('다섯', 531)","('다섯', 441)"
"('즉시', 530)","('즉시', 442)"
"('삼천', 530)","('삼천', 443)"
"('라서', 529)","('라서', 444)"
"('접속', 529)","('접속', 445)"
"('십이', 528)","('십이', 446)"
"('시월', 528)","('시월', 447)"
"('정말', 528)","('정말', 448)"
"('최고은', 527)","('최고은', 449)"
"('대로', 526)","('대로', 450)"
"('만료', 526)","('만료', 451)"
"('이십사', 526)","('이십사', 452)"
"('이내', 525)","('이내', 453)"
"('국내', 525)","('국내', 454)"
"('보관', 523)","('보관', 455)"
"('네이버', 523)","('네이버', 456)"
"('월요일', 522)","('월요일', 457)"
"('김소희', 522)","('김소희', 458)"
"('영수증', 521)","('영수증', 459)"
"('비밀', 521)","('비밀', 460)"
"('위치', 520)","('위치', 461)"
"('반영', 518)","('반영', 462)"
"('명의', 517)","('명의', 463)"
"('다만', 511)","('다만', 464)"
"('조건', 509)","('조건', 465)"
"('이전', 505)","('이전', 466)"
"('그네', 504)","('그네', 467)"
"('삼십오분', 504)","('삼십오분', 468)"
"('대체', 504)","('대체', 469)"
"('만원', 503)","('만원', 470)"
"('단계', 503)","('단계', 471)"
"('이이', 499)","('이이', 472)"
"('개인', 499)","('개인', 473)"
"('액체', 499)","('액체', 474)"
"('안녕하십니까', 498)","('안녕하십니까', 475)"
"('자꾸', 497)","('자꾸', 476)"
"('사월', 497)","('사월', 477)"
"('오번', 496)","('오번', 478)"
"('아무', 491)","('아무', 479)"
"('삼사', 491)","('삼사', 480)"
"('원본', 489)","('원본', 481)"
"('표시', 488)","('표시', 482)"
"('오분', 487)","('오분', 483)"
"('미인도', 484)","('미인도', 484)"
"('직항', 484)","('직항', 485)"
"('제주도', 482)","('제주도', 486)"
"('품목', 481)","('품목', 487)"
"('최근', 481)","('최근', 488)"
"('선불', 481)","('선불', 489)"
"('우리', 478)","('우리', 490)"
"('택배', 478)","('택배', 491)"
"('배럴', 477)","('배럴', 492)"
"('전이', 471)","('전이', 493)"
"('계세', 471)","('계세', 494)"
"('신규', 471)","('신규', 495)"
"('한미', 470)","('한미', 496)"
"('철회', 470)","('철회', 497)"
"('불편', 469)","('불편', 498)"
"('입금', 468)","('입금', 499)"
"('어차피', 466)","('어차피', 500)"
"('가야', 463)","('가야', 501)"
"('일삼', 463)","('일삼', 502)"
"('삼십일', 462)","('삼십일', 503)"
"('한가지', 454)","('한가지', 504)"
"('이형주', 454)","('이형주', 505)"
"('삼월', 453)","('삼월', 506)"
"('삼십일일', 452)","('삼십일일', 507)"
"('각각', 452)","('각각', 508)"
"('그이', 451)","('그이', 509)"
"('구일', 451)","('구일', 510)"
"('김혜미', 450)","('김혜미', 511)"
"('음음음', 447)","('음음음', 512)"
"('마지막', 447)","('마지막', 513)"
"('차이', 446)","('차이', 514)"
"('사일', 445)","('사일', 515)"
"('최은미', 441)","('최은미', 516)"
"('사본', 441)","('사본', 517)"
"('거의', 439)","('거의', 518)"
"('지급', 439)","('지급', 519)"
"('거부', 439)","('거부', 520)"
"('박스', 435)","('박스', 521)"
"('오십', 435)","('오십', 522)"
"('이십분', 434)","('이십분', 523)"
"('수량', 433)","('수량', 524)"
"('영업', 432)","('영업', 525)"
"('항공권', 432)","('항공권', 526)"
"('비번', 431)","('비번', 527)"
"('철수', 430)","('철수', 528)"
"('이유', 426)","('이유', 529)"
"('남편', 426)","('남편', 530)"
"('샤넬', 424)","('샤넬', 531)"
"('구년', 423)","('구년', 532)"
"('에프', 423)","('에프', 533)"
"('예약', 422)","('예약', 534)"
"('군데', 417)","('군데', 535)"
"('금요일', 416)","('금요일', 536)"
"('구찌', 415)","('구찌', 537)"
"('지역', 413)","('지역', 538)"
"('담당자', 412)","('담당자', 539)"
"('칠구', 411)","('칠구', 540)"
"('향수', 410)","('향수', 541)"
"('실례', 410)","('실례', 542)"
"('토요일', 410)","('토요일', 543)"
"('십일일', 408)","('십일일', 544)"
"('오픈', 408)","('오픈', 545)"
"('오만원', 407)","('오만원', 546)"
"('년도', 405)","('년도', 547)"
"('이십오', 405)","('이십오', 548)"
"('실물', 404)","('실물', 549)"
"('김은영', 404)","('김은영', 550)"
"('유지', 404)","('유지', 551)"
"('필요', 400)","('필요', 552)"
"('하라', 400)","('하라', 553)"
"('대표', 398)","('대표', 554)"
"('불가', 398)","('불가', 555)"
"('국민카드', 397)","('국민카드', 556)"
"('메시지', 397)","('메시지', 557)"
"('십오분', 397)","('십오분', 558)"
"('삼공', 396)","('삼공', 559)"
"('나윤', 395)","('나윤', 560)"
"('일시', 394)","('일시', 561)"
"('현대', 393)","('현대', 562)"
"('케이티', 393)","('케이티', 563)"
"('초과', 392)","('초과', 564)"
"('중간', 392)","('중간', 565)"
"('국제선', 392)","('국제선', 566)"
"('사고', 389)","('사고', 567)"
"('종료', 385)","('종료', 568)"
"('십육일', 385)","('십육일', 569)"
"('십삼일', 385)","('십삼일', 570)"
"('가면', 384)","('가면', 571)"
"('동안', 384)","('동안', 572)"
"('건만', 383)","('건만', 573)"
"('타고', 378)","('타고', 574)"
"('오시', 378)","('오시', 575)"
"('절차', 375)","('절차', 576)"
"('엄마', 375)","('엄마', 577)"
"('골뱅이', 374)","('골뱅이', 578)"
"('임미경', 374)","('임미경', 579)"
"('에스티', 372)","('에스티', 580)"
"('나가시', 371)","('나가시', 581)"
"('김재', 366)","('김재', 582)"
"('일대일', 365)","('일대일', 583)"
"('이십육일', 364)","('이십육일', 584)"
"('대구', 363)","('대구', 585)"
"('참여', 363)","('참여', 586)"
"('시스템', 363)","('시스템', 587)"
"('옛날', 362)","('옛날', 588)"
"('대한항공', 361)","('대한항공', 589)"
"('이십이일', 361)","('이십이일', 590)"
"('마감', 360)","('마감', 591)"
"('삼만', 359)","('삼만', 592)"
"('이월', 359)","('이월', 593)"
"('일요일', 359)","('일요일', 594)"
"('십팔일', 357)","('십팔일', 595)"
"('엠에스', 356)","('엠에스', 596)"
"('정관', 355)","('정관', 597)"
"('단위', 355)","('단위', 598)"
"('신한', 355)","('신한', 599)"
"('블랙', 354)","('블랙', 600)"
"('가장', 349)","('가장', 601)"
"('선정', 348)","('선정', 602)"
"('사공', 348)","('사공', 603)"
"('한시', 347)","('한시', 604)"
"('신용', 347)","('신용', 605)"
"('기프트', 345)","('기프트', 606)"
"('십오일', 345)","('십오일', 607)"
"('설명', 342)","('설명', 608)"
"('중국어', 342)","('중국어', 609)"
"('로만', 341)","('로만', 610)"
"('건강', 338)","('건강', 611)"
"('저번', 336)","('저번', 612)"
"('둘둘', 336)","('둘둘', 613)"
"('나라', 336)","('나라', 614)"
"('김포', 334)","('김포', 615)"
"('루이비통', 333)","('루이비통', 616)"
"('출력', 333)","('출력', 617)"
"('다운로드', 332)","('다운로드', 618)"
"('십칠일', 329)","('십칠일', 619)"
"('무조건', 328)","('무조건', 620)"
"('스마트', 328)","('스마트', 621)"
"('코너', 327)","('코너', 622)"
"('아홉시', 327)","('아홉시', 623)"
"('주입', 325)","('주입', 624)"
"('소지', 324)","('소지', 625)"
"('여행사', 324)","('여행사', 626)"
"('사면', 323)","('사면', 627)"
"('칠칠', 323)","('칠칠', 628)"
"('이틀', 323)","('이틀', 629)"
"('여유', 321)","('여유', 630)"
"('사실', 321)","('사실', 631)"
"('업체', 321)","('업체', 632)"
"('관계', 321)","('관계', 633)"
"('오이', 320)","('오이', 634)"
"('신화', 318)","('신화', 635)"
"('컴퓨터', 316)","('컴퓨터', 636)"
"('십이일', 316)","('십이일', 637)"
"('일치', 316)","('일치', 638)"
"('제대로', 315)","('제대로', 639)"
"('김포공항', 314)","('김포공항', 640)"
"('구월', 311)","('구월', 641)"
"('십팔', 310)","('십팔', 642)"
"('하하', 309)","('하하', 643)"
"('팔팔', 309)","('팔팔', 644)"
"('사십오분', 308)","('사십오분', 645)"
"('십사일', 307)","('십사일', 646)"
"('십만', 306)","('십만', 647)"
"('회사', 306)","('회사', 648)"
"('합산', 306)","('합산', 649)"
"('약간', 304)","('약간', 650)"
"('구번', 304)","('구번', 651)"
"('서은', 304)","('서은', 652)"
"('오십오분', 304)","('오십오분', 653)"
"('목요일', 302)","('목요일', 654)"
"('관리', 302)","('관리', 655)"
"('이십칠일', 301)","('이십칠일', 656)"
"('유엔', 301)","('유엔', 657)"
"('문명', 301)","('문명', 658)"
"('여객', 300)","('여객', 659)"
"('삼구', 300)","('삼구', 660)"
"('뭔가', 300)","('뭔가', 661)"
"('올해', 299)","('올해', 662)"
"('한글', 298)","('한글', 663)"
"('오월', 296)","('오월', 664)"
"('라운지', 296)","('라운지', 665)"
"('육육', 295)","('육육', 666)"
"('마케팅', 294)","('마케팅', 667)"
"('선글라스', 294)","('선글라스', 668)"
"('구시', 293)","('구시', 669)"
"('육십일', 292)","('육십일', 670)"
"('기재', 292)","('기재', 671)"
"('아시아나', 292)","('아시아나', 672)"
"('별도', 292)","('별도', 673)"
"('국가', 292)","('국가', 674)"
"('색상', 291)","('색상', 675)"
"('일본', 291)","('일본', 676)"
"('점용', 290)","('점용', 677)"
"('발생', 290)","('발생', 678)"
"('청첩장', 290)","('청첩장', 679)"
"('영어', 289)","('영어', 680)"
"('육구', 288)","('육구', 681)"
"('전환', 286)","('전환', 682)"
"('운항', 286)","('운항', 683)"
"('무료', 285)","('무료', 684)"
"('일팔', 284)","('일팔', 685)"
"('오늘이', 284)","('오늘이', 686)"
"('외국인', 284)","('외국인', 687)"
"('보기', 283)","('보기', 688)"
"('어머니', 283)","('어머니', 689)"
"('아래', 283)","('아래', 690)"
"('부두', 282)","('부두', 691)"
"('구십일', 281)","('구십일', 692)"
"('친구', 281)","('친구', 693)"
"('쓰시', 281)","('쓰시', 694)"
"('알파벳', 281)","('알파벳', 695)"
"('다가', 280)","('다가', 696)"
"('이력', 279)","('이력', 697)"
"('공동', 279)","('공동', 698)"
"('원칙', 278)","('원칙', 699)"
"('세금', 278)","('세금', 700)"
"('이십구일', 277)","('이십구일', 701)"
"('오른쪽', 277)","('오른쪽', 702)"
"('대신', 277)","('대신', 703)"
"('에스케이', 276)","('에스케이', 704)"
"('이십삼일', 276)","('이십삼일', 705)"
"('이사', 275)","('이사', 706)"
"('이치', 274)","('이치', 707)"
"('경품', 274)","('경품', 708)"
"('정이', 273)","('정이', 709)"
"('얼마나', 273)","('얼마나', 710)"
"('에어', 273)","('에어', 711)"
"('통신사', 272)","('통신사', 712)"
"('패션', 271)","('패션', 713)"
"('일일이', 271)","('일일이', 714)"
"('사시', 271)","('사시', 715)"
"('담당', 270)","('담당', 716)"
"('스케줄', 269)","('스케줄', 717)"
"('칠월', 268)","('칠월', 718)"
"('육사', 268)","('육사', 719)"
"('하단', 267)","('하단', 720)"
"('계산', 266)","('계산', 721)"
"('설화수', 265)","('설화수', 722)"
"('중인', 264)","('중인', 723)"
"('서비스', 264)","('서비스', 724)"
"('어머님', 264)","('어머님', 725)"
"('두번째', 264)","('두번째', 726)"
"('스페셜', 264)","('스페셜', 727)"
"('가시', 263)","('가시', 728)"
"('크림', 261)","('크림', 729)"
"('유월', 261)","('유월', 730)"
"('어어', 261)","('어어', 731)"
"('옵션', 261)","('옵션', 732)"
"('주말', 260)","('주말', 733)"
"('신라', 260)","('신라', 734)"
"('보이', 260)","('보이', 735)"
"('브이아이', 260)","('브이아이', 736)"
"('대한민국', 259)","('대한민국', 737)"
"('입생로랑', 259)","('입생로랑', 738)"
"('외국', 258)","('외국', 739)"
"('오오', 257)","('오오', 740)"
"('김은희', 256)","('김은희', 741)"
"('심윤경', 255)","('심윤경', 742)"
"('호텔', 255)","('호텔', 743)"
"('마찬가지', 254)","('마찬가지', 744)"
"('팔월', 253)","('팔월', 745)"
"('웨딩', 253)","('웨딩', 746)"
"('용이', 253)","('용이', 747)"
"('개명', 252)","('개명', 748)"
"('불량', 251)","('불량', 749)"
"('연동', 251)","('연동', 750)"
"('크게', 250)","('크게', 751)"
"('영영', 250)","('영영', 752)"
"('콜센터', 250)","('콜센터', 753)"
"('이십팔일', 249)","('이십팔일', 754)"
"('규정', 249)","('규정', 755)"
"('일곱시', 248)","('일곱시', 756)"
"('기록', 247)","('기록', 757)"
"('현금', 247)","('현금', 758)"
"('로더', 247)","('로더', 759)"
"('당시', 246)","('당시', 760)"
"('삼칠', 246)","('삼칠', 761)"
"('주소지', 246)","('주소지', 762)"
"('확정', 246)","('확정', 763)"
"('오만', 244)","('오만', 764)"
"('하나로', 243)","('하나로', 765)"
"('언니', 243)","('언니', 766)"
"('계시', 242)","('계시', 767)"
"('카톡', 242)","('카톡', 768)"
"('소문자', 242)","('소문자', 769)"
"('선물', 242)","('선물', 770)"
"('십구일', 242)","('십구일', 771)"
"('기내', 242)","('기내', 772)"
"('오십오', 241)","('오십오', 773)"
"('팔사', 241)","('팔사', 774)"
"('세시', 241)","('세시', 775)"
"('문구', 241)","('문구', 776)"
"('등업', 240)","('등업', 777)"
"('이십사일', 240)","('이십사일', 778)"
"('전정희', 239)","('전정희', 779)"
"('오프', 239)","('오프', 780)"
"('시로', 239)","('시로', 781)"
"('일오', 239)","('일오', 782)"
"('전송', 238)","('전송', 783)"
"('농협', 238)","('농협', 784)"
"('최대한', 238)","('최대한', 785)"
"('프라다', 238)","('프라다', 786)"
"('전옥', 237)","('전옥', 787)"
"('다섯시', 236)","('다섯시', 788)"
"('동그라미', 236)","('동그라미', 789)"
"('칠오구', 236)","('칠오구', 790)"
"('업무', 236)","('업무', 791)"
"('신랑', 236)","('신랑', 792)"
"('이십일일', 235)","('이십일일', 793)"
"('시간대', 235)","('시간대', 794)"
"('고거', 235)","('고거', 795)"
"('로서', 234)","('로서', 796)"
"('갑자기', 234)","('갑자기', 797)"
"('국제공항', 234)","('국제공항', 798)"
"('이해', 232)","('이해', 799)"
"('제시', 232)","('제시', 800)"
"('구분', 232)","('구분', 801)"
"('부서', 230)","('부서', 802)"
"('종류', 228)","('종류', 803)"
"('대부분', 227)","('대부분', 804)"
"('육시', 227)","('육시', 805)"
"('에이엔', 227)","('에이엔', 806)"
"('화요일', 226)","('화요일', 807)"
"('구이', 225)","('구이', 808)"
"('신발', 225)","('신발', 809)"
"('우편물', 225)","('우편물', 810)"
"('지난', 222)","('지난', 811)"
"('진짜', 221)","('진짜', 812)"
"('보이시', 221)","('보이시', 813)"
"('육오', 220)","('육오', 814)"
"('오천', 220)","('오천', 815)"
"('소멸', 219)","('소멸', 816)"
"('지하', 219)","('지하', 817)"
"('저장', 218)","('저장', 818)"
"('윤희', 218)","('윤희', 819)"
"('대상', 217)","('대상', 820)"
"('이십이', 217)","('이십이', 821)"
"('어저께', 217)","('어저께', 822)"
"('초기', 217)","('초기', 823)"
"('임현', 217)","('임현', 824)"
"('다이아몬드', 216)","('다이아몬드', 825)"
"('전일', 214)","('전일', 826)"
"('지정', 213)","('지정', 827)"
"('죄송', 213)","('죄송', 828)"
"('공지', 213)","('공지', 829)"
"('그날', 213)","('그날', 830)"
"('보신', 213)","('보신', 831)"
"('서요', 212)","('서요', 832)"
"('제거', 210)","('제거', 833)"
"('거가', 210)","('거가', 834)"
"('알람', 209)","('알람', 835)"
"('서면', 208)","('서면', 836)"
"('이십오일', 208)","('이십오일', 837)"
"('이신', 208)","('이신', 838)"
"('항상', 207)","('항상', 839)"
"('스타', 207)","('스타', 840)"
"('삼오', 207)","('삼오', 841)"
"('다리', 207)","('다리', 842)"
"('팔천', 206)","('팔천', 843)"
"('양해', 206)","('양해', 844)"
"('지장', 205)","('지장', 845)"
"('폐점', 205)","('폐점', 846)"
"('과정', 204)","('과정', 847)"
"('대문자', 203)","('대문자', 848)"
"('내년', 202)","('내년', 849)"
"('수요일', 201)","('수요일', 850)"
"('사백', 201)","('사백', 851)"
"('삼시', 201)","('삼시', 852)"
"('사육', 201)","('사육', 853)"
"('노스페이스', 199)","('노스페이스', 854)"
"('상이', 199)","('상이', 855)"
"('오칠', 199)","('오칠', 856)"
"('장소', 199)","('장소', 857)"
"('아시', 198)","('아시', 858)"
"('가족', 198)","('가족', 859)"
"('캡쳐', 197)","('캡쳐', 860)"
"('더블', 196)","('더블', 861)"
"('구공', 195)","('구공', 862)"
"('국내선', 195)","('국내선', 863)"
"('이제인', 195)","('이제인', 864)"
"('세트', 195)","('세트', 865)"
"('환율', 194)","('환율', 866)"
"('이십구', 194)","('이십구', 867)"
"('칠사', 193)","('칠사', 868)"
"('대요', 193)","('대요', 869)"
"('정각', 193)","('정각', 870)"
"('십만원', 193)","('십만원', 871)"
"('동생', 193)","('동생', 872)"
"('보호', 193)","('보호', 873)"
"('건물', 192)","('건물', 874)"
"('서도', 192)","('서도', 875)"
"('다음주', 192)","('다음주', 876)"
"('열한시', 192)","('열한시', 877)"
"('차감', 192)","('차감', 878)"
"('매일', 192)","('매일', 879)"
"('말론', 192)","('말론', 880)"
"('팔육', 192)","('팔육', 881)"
"('부터', 191)","('부터', 882)"
"('브라운', 191)","('브라운', 883)"
"('나스', 190)","('나스', 884)"
"('아음', 190)","('아음', 885)"
"('미국', 189)","('미국', 886)"
"('변동', 188)","('변동', 887)"
"('칠백', 188)","('칠백', 888)"
"('이미지', 188)","('이미지', 889)"
"('전자', 188)","('전자', 890)"
"('재발', 188)","('재발', 891)"
"('신세계', 187)","('신세계', 892)"
"('가운데', 187)","('가운데', 893)"
"('타인', 187)","('타인', 894)"
"('칠십', 186)","('칠십', 895)"
"('팔오', 186)","('팔오', 896)"
"('유선', 185)","('유선', 897)"
"('단독', 185)","('단독', 898)"
"('작년', 184)","('작년', 899)"
"('사사', 183)","('사사', 900)"
"('티티', 183)","('티티', 901)"
"('인식', 182)","('인식', 902)"
"('왼쪽', 182)","('왼쪽', 903)"
"('블리블리', 181)","('블리블리', 904)"
"('이오', 181)","('이오', 905)"
"('오육', 180)","('오육', 906)"
"('잔액', 180)","('잔액', 907)"
"('사십팔', 179)","('사십팔', 908)"
"('심사', 178)","('심사', 909)"
"('육삼', 178)","('육삼', 910)"
"('디올', 178)","('디올', 911)"
"('가가', 177)","('가가', 912)"
"('그쵸', 176)","('그쵸', 913)"
"('신지', 175)","('신지', 914)"
"('일사', 175)","('일사', 915)"
"('주차장', 175)","('주차장', 916)"
"('프리', 173)","('프리', 917)"
"('크리', 172)","('크리', 918)"
"('인지', 172)","('인지', 919)"
"('굳이', 172)","('굳이', 920)"
"('청주', 172)","('청주', 921)"
"('십사', 172)","('십사', 922)"
"('탑스', 172)","('탑스', 923)"
"('시라', 171)","('시라', 924)"
"('최두영', 171)","('최두영', 925)"
"('발행', 170)","('발행', 926)"
"('삼삼', 170)","('삼삼', 927)"
"('임의', 170)","('임의', 928)"
"('픽업', 170)","('픽업', 929)"
"('비행', 170)","('비행', 930)"
"('예상', 169)","('예상', 931)"
"('구천', 169)","('구천', 932)"
"('소진', 168)","('소진', 933)"
"('바비', 168)","('바비', 934)"
"('제공', 167)","('제공', 935)"
"('일찍', 167)","('일찍', 936)"
"('십년', 167)","('십년', 937)"
"('평일', 166)","('평일', 938)"
"('개월', 166)","('개월', 939)"
"('기한', 166)","('기한', 940)"
"('결과', 166)","('결과', 941)"
"('첨부', 165)","('첨부', 942)"
"('참고', 165)","('참고', 943)"
"('메뉴', 165)","('메뉴', 944)"
"('프리미엄', 165)","('프리미엄', 945)"
"('팔칠', 164)","('팔칠', 946)"
"('육만', 164)","('육만', 947)"
"('몽블랑', 164)","('몽블랑', 948)"
"('야크', 163)","('야크', 949)"
"('호주', 163)","('호주', 950)"
"('오팔', 162)","('오팔', 951)"
"('청구', 162)","('청구', 952)"
"('퍼센트', 161)","('퍼센트', 953)"
"('스티커', 161)","('스티커', 954)"
"('점도', 161)","('점도', 955)"
"('상단', 160)","('상단', 956)"
"('마스크', 160)","('마스크', 957)"
"('삼사일', 159)","('삼사일', 958)"
"('날로', 159)","('날로', 959)"
"('아가', 159)","('아가', 960)"
"('구사', 158)","('구사', 961)"
"('해지', 158)","('해지', 962)"
"('복합', 158)","('복합', 963)"
"('십삼', 157)","('십삼', 964)"
"('업그레이드', 157)","('업그레이드', 965)"
"('잡화', 156)","('잡화', 966)"
"('매년', 156)","('매년', 967)"
"('이만원', 155)","('이만원', 968)"
"('육천', 155)","('육천', 969)"
"('귀국', 155)","('귀국', 970)"
"('이로', 155)","('이로', 971)"
"('걱정', 154)","('걱정', 972)"
"('비씨', 154)","('비씨', 973)"
"('타임', 154)","('타임', 974)"
"('이상은', 153)","('이상은', 975)"
"('멘트', 153)","('멘트', 976)"
"('칠만', 153)","('칠만', 977)"
"('명도', 153)","('명도', 978)"
"('캐리어', 153)","('캐리어', 979)"
"('육이구', 153)","('육이구', 980)"
"('아이폰', 152)","('아이폰', 981)"
"('한국어', 152)","('한국어', 982)"
"('시공', 152)","('시공', 983)"
"('비자', 152)","('비자', 984)"
"('사삼', 151)","('사삼', 985)"
"('공오', 151)","('공오', 986)"
"('이자', 151)","('이자', 987)"
"('동일', 150)","('동일', 988)"
"('종이', 150)","('종이', 989)"
"('나경', 150)","('나경', 990)"
"('이삼일', 149)","('이삼일', 991)"
"('삼육', 148)","('삼육', 992)"
"('모레', 148)","('모레', 993)"
"('수화물', 148)","('수화물', 994)"
"('최성', 148)","('최성', 995)"
"('삼만원', 147)","('삼만원', 996)"
"('라코스테', 147)","('라코스테', 997)"
"('반납', 147)","('반납', 998)"
"('아베', 147)","('아베', 999)"
"('모양', 147)","('모양', 1000)"
